{
  "Scale": 10.0,
  "Origin": {
    "X": -0.4330125,
    "Y": 0
  },
  "Polygon": 
  [
    {
      "X": 0.0,
      "Y": -0.5
    },
    {
      "X": -0.866025,
      "Y": 0.0
    },
    {
      "X": 0.0,
      "Y": 0.5
    },
    {
      "X": 0.1443375,
      "Y": 0.0
    }
  ]
}