{
  "Scale": 30.0,
  "Polygon": 
  [
    {
      "X": 0.0,
      "Y": -0.5
    },
    {
      "X": -0.866025, // -sqrt(3)/2
      "Y": 0.0
    },
    {
      "X": 0.0,
      "Y": 0.5
    },
    {
      "X": -0.1443375, // -sqrt(3)/12
      "Y": 0.0
    }
  ]
}